-7.722748826261564004e-01,-9.524857100418404610e-01,-2.126306887309721283e+00,-1.018113926275925618e-01,-9.511534148311501236e-02,8.920208253910397733e-01,-1.129919006963346975e-02,1.889026924236050897e+00,2.545632483723037520e+00,-1.127558327432922836e+00,1.013105838453669111e-01,-7.841894302071190648e-01,-2.763228819901747957e-01,-1.037343818999509476e-01,-4.890227668623579049e-01,-1.144262039727767188e+00,1.608552773474750008e+00,9.745243135691429304e-01,-1.361472173799256336e+00,1.110696378884488134e+00,1.446020310125271657e-01,-1.097922095446666635e+00,-1.216405883031628443e+00,2.596151982617940668e+00,-1.352634186209762168e+00,8.883104934976685518e-01,4.456789385918240587e-01,-1.696461930284089981e+00,4.693645014061962883e-01,-5.977684116769368394e-01,9.954199688564937532e-01,8.983396093412680805e-02,-1.020954406399647851e+00,1.259413560914674823e+00,-5.739109194762631594e-01,9.558899359884013291e-01,3.080294963092863880e-01,1.947491793961519946e-01,4.493236529054744910e-01,1.903730893018451831e-01,5.073674764869313680e-01,-1.588993954179011237e+00,-1.029435219296731541e-01,-1.119953221963034817e+00,-8.086167119765734768e-01,-9.306983195673247389e-01,-2.094908802046239416e+00,7.529722149240752893e-01,-5.591088718790817591e-01,-1.374786090568826502e+00
-4.180449042339979826e-01,5.108671909677184875e-01,2.523217232919639397e+00,3.439807019225762930e-01,-2.163468312182856013e-01,2.351723873555791877e-01,8.744506010552418607e-01,-3.649754056636707045e-01,3.788097145014630573e-01,-1.312797408461234272e-01,8.304886784470040251e-01,4.365371708650476190e-01,-6.712764966438722336e-02,1.360503769121341744e+00,-9.574128857773036572e-01,-1.454567545208452994e+00,1.666897545834755467e+00,-5.261009025795445604e-01,6.139706902844844771e-01,1.144631627939263652e+00,3.500336967696772716e-01,-1.064417792160245346e+00,-2.597138572439158799e-01,5.188318852372394430e-01,1.995311924919971336e-01,-1.170352125962774936e+00,-5.506272967328563334e-02,1.721486721248592477e+00,1.861125518283310631e+00,-2.579443365290255419e-01,8.944851324711672325e-02,2.041416515263310139e+00,-1.209477896723982981e+00,-4.317861788025419839e-02,1.029279464114152942e+00,3.276618572907114557e-01,-1.034172415596977146e+00,-1.587662093393384710e+00,-1.958164304209017992e+00,3.446746692114122101e-01,-1.953582718984044231e+00,6.881758555456818360e-01,-1.823387474129100516e+00,5.763561276244976161e-01,-1.583345922170678044e-01,-6.230603701139848516e-01,2.434691345799940176e+00,1.166349455488756126e+00,-1.129412270729762691e-01,7.812105799660450101e-02
8.767128037173053112e-01,7.669924401482021148e-01,-4.538757393175094079e-01,-1.566648410531422231e+00,-1.255454911032111154e+00,-1.272186275073771689e-01,-5.475583006521523854e-01,4.775632065552323224e-01,1.128823550383337926e+00,8.031312121581749564e-01,5.564619105356624074e-01,2.048435935837176758e-01,-5.250027870253618500e-01,1.354832084512289425e+00,-1.156870875723275072e+00,-4.155817271394901535e-01,-1.221218612053795727e-01,6.918176200402225140e-01,1.157840056253583993e+00,1.640677734706831981e+00,-1.804472161349161552e-01,7.367355531147105063e-01,-4.389259727933522148e-01,-2.425774152602387657e-01,2.160241668514887858e-01,1.150639814307528486e+00,7.815973952880571618e-01,2.236246428248195528e+00,-1.555278155358405412e+00,-1.183306349800741231e-01,1.125826111965031906e+00,-4.950489502885692672e-01,1.030217279988519197e+00,1.395463757515111869e-01,-1.775244161863008818e-01,-1.115070903411599534e+00,-1.580873386752412457e-01,5.671175498553835542e-02,-1.085702408303829136e+00,-9.532223723425977679e-01,1.033195613498326226e+00,-2.247367916925464559e-01,-1.038711032350755792e+00,6.110998598281544014e-01,-1.652094166331491198e+00,5.706025446419700220e-01,-4.003869258708123158e-01,-7.973380202040049047e-01,1.921159676860853427e+00,-1.783323084007207016e-01
6.767097366460773644e-01,1.344005520744946391e-01,-9.466281965310372470e-01,1.170044593569844027e+00,1.098774340759279232e-02,2.337790268227266655e+00,-1.232212488478998808e-01,-1.951524146210622535e+00,-6.774915935401593092e-01,-6.736024317722688615e-01,3.388286810431043516e+00,-2.741163180868076976e-01,2.743787490653866179e-01,7.789700016951893735e-01,-1.005078970457260468e+00,-2.334612931430599669e+00,1.924878535314894057e+00,-9.470609736375975229e-04,3.658355230980688821e-01,-8.468063372828579238e-01,-6.013928876777064891e-01,-2.500530740542583619e-01,6.846151758171772350e-01,3.954627452280022881e-01,6.260755155933442895e-01,4.752192477424636574e-01,3.484541890214453153e-01,-4.484272055315641214e-01,6.794033517279391976e-01,1.131366410636164832e-01,-1.168143231683893973e-01,2.753517409750563250e-01,3.858754045093574225e-01,1.153708856626026291e+00,-5.567387637448312221e-01,4.912576890062276269e-01,4.382349982870990535e-01,2.899677143428577297e-01,-5.569487961393955466e-02,-5.008008825578663670e-01,1.265702838568355082e+00,-6.297134708817475439e-03,1.032204503418087338e+00,-3.372434565876877288e-01,2.509848349425519709e-01,-4.992447485523019424e-01,3.387435582560485159e-01,1.517016444760709959e+00,-1.926613830343939515e+00,7.879650780845642855e-01
1.395939050366287182e-01,-9.504002741212261851e-01,6.939393254380841203e-01,-1.317778544998491341e+00,-1.700490848123341059e-01,6.510806538514011255e-01,1.056798968553840590e+00,-3.399461170501933971e-01,2.174556126691422175e+00,-8.239107303807766125e-02,2.106203159762914279e+00,-3.073909276744576924e-01,6.580472850985011890e-01,-5.437890391668267487e-01,-2.261180187235255712e+00,-6.932542216140294422e-02,-4.671163104006126887e-01,2.861133567130012129e-02,-1.373380325977083150e+00,-1.136939630772847876e+00,4.709749448244890946e-01,1.446611252938724834e-01,-9.413747380488709515e-01,4.856401526111925882e-01,8.375167915833703347e-01,-8.565460376821132371e-02,2.261048218428162393e+00,3.280778537222159286e-01,-6.097283710306716786e-02,-5.635399237184910426e-01,-9.199098285173218370e-01,4.852873315875568805e-01,-6.625342355390895221e-01,1.146245168707455742e+00,2.884500070200062341e-02,1.222594738787717406e+00,1.773112142080180753e+00,-4.926016279568909417e-01,-1.444452784936792078e+00,2.541550028274139450e+00,-7.711896375116815694e-01,1.053219615236200557e+00,2.596494818409946781e+00,2.148216394797493878e-01,9.009560229668952536e-01,-9.636703449735291027e-01,3.624495696870002615e-01,-3.606926912040874789e-01,-2.962921712748168429e-02,7.291700636489243381e-01
-2.734724284647401582e+00,7.795035949010582499e-01,3.185213124176501376e-01,-4.532728720076016904e-01,4.217618737235283577e-01,1.840210501274285981e+00,-1.599619729630135323e+00,-5.608953770410826101e-01,-9.390933169476565201e-01,7.571510913214668514e-01,-8.883555871807134741e-02,-1.174822736655977695e-01,3.203327712732862431e-01,-2.216339589258919246e-02,-6.836488063791009706e-01,-2.209271341874332606e+00,1.258972754853516340e+00,1.780297049167195000e+00,-6.827546968164590613e-01,5.826384267191279109e-01,7.831683135256043427e-01,-3.575832485396591154e-01,-1.218135642945012038e-02,-1.285716493800118432e+00,8.012839088715486557e-01,-1.569403843555059685e+00,-1.910957735393045143e+00,1.120604270123505497e+00,1.064101250667410348e+00,2.937639440931142931e-01,-1.577784797878523992e+00,-2.165458885227340424e+00,-1.885396158224748320e-01,-4.175383311961156085e-01,-5.458242487366120332e-02,-1.721939687559684018e-01,-2.366762989308222487e+00,-1.131734122838395029e+00,-1.062255809536437168e+00,1.118675396361068275e+00,1.373367028461270678e+00,-1.029895478793816155e+00,-6.508305850619167110e-01,1.120945576061230797e+00,3.425370802624254085e-01,-9.260798459408280392e-01,1.989620020056989569e+00,-3.157011713511140294e-01,-1.191606510053158985e+00,-1.154087101655478786e+00
8.657434940600293727e-01,-1.866713420902597731e+00,6.953407615845393769e-03,1.575322500721071384e+00,5.579141972041200548e-01,3.710590367706083637e-01,4.707566325557311915e-01,-1.775842158563912532e-01,-1.411920451501619961e-02,1.605276282311491887e-01,1.773633767353132440e-01,-1.681111670935917735e+00,-1.987807461438759971e+00,-7.114121101255080903e-01,-1.617447858934277116e+00,-5.911764243908148447e-02,-1.377595195916353932e+00,-7.317030444721831506e-01,4.542661297269856568e-01,-5.406703154060057970e-02,6.464673575283583773e-01,2.857647760059062181e-01,1.860233728453640101e+00,-9.603788831039843099e-02,-2.220964723192535573e+00,6.001911234389502997e-02,4.773113879403795279e-01,2.284716919491899922e+00,-9.396092300627251204e-01,-1.108958435721867142e+00,-2.339342694411404577e-01,7.223220673138687209e-01,-7.038266116008938811e-01,-1.516725694534476032e+00,-3.562770432060105574e-01,-1.218914783615203667e+00,-1.452716834959450587e+00,9.885405199896902806e-01,1.288679144377605779e+00,9.816195583412468118e-02,-6.850173958404993657e-01,7.566222974192545747e-01,-1.932765058184466589e-01,-9.694935486593030394e-01,-2.464665646392957821e-01,8.700298138638530299e-01,1.979902407865099079e+00,2.405374220174942845e-01,-1.305502988580790724e+00,1.379102774914495733e+00
4.902120340902908491e-01,2.163881681119709521e-01,-1.325207692424095418e+00,7.085467014132978969e-01,-1.050401813476707025e+00,-1.186826168964352446e+00,3.229273032026295231e-01,-1.947922852072637712e+00,5.505573816807705911e-02,-6.979091777704670152e-01,-2.856517792143136725e-01,1.092095192623035338e+00,7.482876233035873348e-01,1.342463393637574942e+00,1.537020137373643347e-01,-2.341314956128427716e-01,-9.806424341208218598e-01,-7.428812021986909153e-01,3.379599051632026785e-01,9.089422146212756681e-01,-2.251837893996849749e-01,-9.973532019757745948e-01,-8.186454514856439379e-01,-1.986277187624468699e+00,-1.170058651031681052e+00,-3.327386494042144927e-02,7.764959139346466754e-01,6.470599632888847097e-01,-3.728284010119358172e-01,-1.749312903563340793e+00,8.512557999973978662e-01,-7.755219927548792080e-01,-1.822018746522071186e+00,-1.974078050945612117e-01,-8.126888429524729007e-01,-1.235276672717556812e+00,5.239504218572249572e-01,3.306727272355121094e-01,-5.135103097519552184e-01,-4.061009723500805246e-01,1.274315099599108381e+00,2.867966180536741794e-01,3.839040719484590469e-01,-3.124568638810568816e-02,-2.223627959125215048e-01,1.045206616691376905e-01,1.325066487898946654e+00,5.138117108749217232e-01,-7.737834072908633676e-01,-9.496659440796521023e-01
1.379884581784935449e+00,-4.047316658728430383e-01,2.812146709557308277e-01,3.331324016129385002e-01,-2.721480340888673410e-01,3.239443626266957477e+00,-5.236043066887344777e-01,8.093717874241080912e-01,5.441085675275746381e-01,2.242776447191309419e+00,-1.408625661332828238e-01,-5.835179815641117901e-02,-2.393570760797581187e-01,1.172384272138031758e+00,-1.010996510986845731e+00,-1.028226414519230580e+00,-7.259705155572470092e-01,2.819740059451571468e-01,3.703930224267937832e-01,-4.135712658570788736e-01,9.646682257957791551e-01,-5.929169441995396639e-01,-1.349284852074433605e+00,-6.182439415767264357e-02,-1.514089604748792561e-01,-9.262154118125058844e-01,-7.437106512870903519e-01,-2.933120322047883533e-01,-2.386234105844024789e-01,-1.454436279643334995e+00,2.123376082436616991e-02,-2.042170734439832380e-01,1.686212558220127333e-01,4.275164345717297198e-01,8.418292699810577817e-01,2.005300294927098825e+00,2.598278563392968921e-01,7.482974295353692629e-01,-3.382289241574815142e-01,2.976747977418229829e-01,-6.209541590586963311e-01,-1.248070610364746313e+00,-1.188777580012142732e+00,-7.455417018425636311e-01,-5.845956261900925321e-01,-1.208761731208949808e+00,-1.311732233216879928e+00,2.233849098018688029e+00,2.465792512799360736e+00,-4.855132581724402874e-01
1.649090101203531056e+00,7.912130156122094693e-01,8.739126952920062141e-01,-3.143144694685544027e-01,-4.141812815681631954e-01,-5.076729563782498289e-01,4.802190946268191651e-01,-9.306067007398470814e-01,3.361464052995898760e-02,-1.671529651919457515e-01,-2.908039521049631260e-01,-4.180831444387507756e-01,9.243771699476810433e-01,-9.852519541311161033e-01,-4.525973383283649620e-01,-1.516212289343589203e+00,9.957474948731402931e-01,1.719198757177958781e+00,3.645696950601579750e-02,-1.316570291150706895e+00,-1.793484344076134329e+00,7.743123008491782366e-01,-2.557345244695792275e+00,-1.692121461518281134e+00,4.516141388446364147e-01,-4.683429423384948831e-01,-1.319775934588744759e+00,9.509255640449549851e-01,1.308107527645549384e+00,-7.891175027203740644e-01,1.153634342436208549e+00,-1.152835040835038960e+00,4.499557254702976627e-01,-9.117557549934579564e-01,4.063760730565826318e-01,6.673741265843373682e-01,-1.371538898056211098e+00,3.082372814554464879e-01,-1.245239288118934473e+00,-1.025436308521371132e+00,1.472910080247236575e+00,1.179503002543146606e-01,-6.371046763997219031e-01,-9.843159242576264845e-01,-1.002554213568210111e-02,-2.123865679832252495e-01,1.091766236336169760e+00,-4.900426334482482771e-01,8.215119357898708063e-01,5.026793748925944411e-02
-1.333731327515800535e-01,-4.148530258921292457e-01,-1.401173033551471325e-01,8.356798644195289061e-01,4.313648888865507236e-01,2.311486765500304852e+00,1.168029303691050236e-01,9.913553614299710492e-01,-8.696203911865235670e-01,-1.891571971449113043e+00,9.113596094143061599e-01,-5.240523313231812974e-01,-4.645401673142810495e-01,-7.644964124804121131e-01,-6.452351787925287852e-01,-3.602809618582171747e-01,2.853483631436725190e-02,-5.305612067706861890e-01,1.328775107536933620e+00,3.053340484987912898e-02,-7.535663312599018004e-01,1.863028326350688046e-01,-6.955558423563279469e-01,5.410579665862428334e-01,1.550974438975908143e+00,-1.452079984070513974e-01,1.756266872363447584e+00,2.477619451516751781e+00,5.484545424462398122e-01,-1.675765986854758527e+00,6.336754651671059335e-01,-5.973686273604541519e-01,2.932323316359769505e-01,2.588050352928565889e-01,-4.166924679428937184e-01,5.809883654236797090e-01,4.025911671561591132e-02,-4.093219351209108070e-01,-7.984373387003182998e-01,7.616967633651425817e-01,1.702305702610731886e-01,1.214212980643663009e+00,-7.124513252112177897e-01,1.225101878991565529e+00,-1.349854961055603209e+00,-1.826074619097170171e+00,-5.721806028577322012e-01,-6.285165212474363994e-01,1.079176061216502669e+00,-4.934514470319953938e-01
-7.543286425573137999e-01,4.510151893565043646e-01,3.378439365881518164e-01,-8.496524048668188112e-01,5.956452917555114801e-02,1.221788440270858311e+00,5.448145531688176613e-01,2.090169357075533085e+00,-3.669576548997269816e-01,1.869306219149146908e-01,-3.766587185635291712e-01,4.352436479120856405e-01,1.099331260580631575e+00,-7.045556510578139253e-01,8.373486281777716700e-01,-8.210783120247289180e-01,8.564672153614525385e-01,-1.518355527546890460e-01,-6.315741866163259166e-01,-8.081554940592449165e-01,6.900882849644068839e-01,1.178135693186460831e+00,-6.762745355039420092e-01,-6.414345615037495563e-01,1.644796877340619634e+00,-7.146454458350490757e-01,2.849056909860627207e-01,8.877960307742400747e-01,6.411467290976138322e-01,8.909522958587769506e-03,6.048111201590643526e-01,8.936697683455923080e-01,-8.283941575514616185e-01,-1.322052615572808232e-01,-6.258696758593277343e-01,-8.446868235745813233e-03,9.088230426958812114e-01,1.634883099922013860e+00,3.817584651219148584e-01,-1.096002000835633261e+00,-6.634292988387826551e-01,-1.758952920242942586e+00,-8.351637444214585759e-01,-3.945442133210458335e-01,5.615396454252827851e-01,-1.469211563717310598e-01,1.045885799874894051e+00,3.587945832008355151e-01,7.004326425734540562e-01,-7.585174766245639938e-03
7.016277051768023965e-01,-2.694066852577809978e-01,-2.463822930527971300e-01,-1.811621747876512645e+00,-4.086456488968440159e-01,4.522684120430241483e-01,-1.959363146393714006e+00,5.399869016478452827e-02,2.114304369385403282e-01,1.680522394600649227e-01,9.111043788587331882e-01,1.557889069621282818e+00,5.572685903591783063e-01,9.778349133039091479e-01,1.829580914816207604e-01,8.440287484982941235e-01,2.244865126191301741e+00,-5.762890274144396585e-01,-2.013427801127435149e-02,-2.020719940444943852e+00,2.147306186743452167e-02,1.361307922328257591e-01,-1.347886159590952593e+00,7.469430299727360945e-01,1.340586339569113550e+00,1.073993216182162813e+00,6.372946520215170274e-01,-3.575433757810624058e-02,-1.949620939789876495e+00,1.312746824823672886e+00,-3.561322458539806224e-01,-9.742451872868118645e-01,1.181684459745194316e+00,-9.663227571455400566e-01,1.623941882059093400e+00,7.748268137629978070e-02,2.120778734693881673e-01,1.225794833605213796e-01,1.287131763902882531e+00,9.666364674938913992e-02,4.075239181076147910e-01,-1.598955095349620326e+00,-4.090084960514935031e-02,-2.858350771636270493e-01,-4.740382729466297018e-01,-1.065835844984597491e+00,-4.784426178562371512e-01,-1.192750572820021615e+00,3.666927393554698655e-01,-7.684851747822547541e-01
1.206437037866274542e+00,1.094187999023755964e+00,8.420093377059463258e-01,8.745224946303907787e-01,1.544652985866292946e-02,4.105875131338508344e-01,6.633418156464155890e-01,-3.183367959779251355e-01,-6.163027562292010542e-01,-5.079974669003229915e-01,3.171248267066762438e-01,9.048961541784217300e-02,-2.191146690399001506e-01,6.257776243416514061e-01,8.321063914776041237e-01,-1.017708331161194080e+00,-3.893136403339214069e-01,1.367937140709059918e+00,-1.642593564802485417e+00,3.156346563532486105e-01,-1.909555767431885709e+00,-1.192103078376450576e+00,3.584436224543858795e-01,-8.901771652065437745e-02,1.580866377732778327e-01,-4.100828043366213649e-01,-9.234736228608492192e-01,1.181500005954616156e-01,1.168422781047976144e+00,6.474977399870167627e-01,-1.250561309463382176e-01,-1.366176609006168219e+00,-4.625758821534365350e-01,-6.870133951691849150e-01,-7.775871294652476895e-02,5.893010290072170365e-01,9.867589869837434247e-03,-3.280801590009261304e-01,-8.307675678087749621e-03,-1.127204299673316146e-01,1.016418698783231545e+00,1.997555431800485115e-01,-9.127104320427741335e-01,-5.125949487778354019e-01,-1.558566550543989626e+00,-7.540017224929572714e-01,5.388493445346445032e-01,1.443091145029512523e+00,-2.495218537934526526e-01,1.492974186272061798e+00
9.944275519426132304e-01,-4.536375098207792028e-02,1.242962979966669046e+00,-3.093587601303042778e-01,-1.006054241566103569e+00,3.624612760559745572e-01,5.268751710079383477e-01,-1.174459633239649303e+00,8.975167320380184055e-01,-1.565366994407332291e-01,1.965590553535863094e+00,-1.066006785508489152e+00,-4.390613030844923159e-01,3.604427904914366682e-02,3.480004703896833473e-01,2.690932104768418154e-01,1.368111693516543159e+00,1.959302544840751947e+00,-1.342611297071213627e+00,-2.068495197246608797e+00,-1.602675450589649220e+00,4.185512262024870811e-01,6.365366509583951782e-01,1.468881107309601530e+00,-2.623094365092840663e-01,2.318391821798337360e-01,-5.078784743634809917e-01,1.840028046085968816e+00,-8.150445805588745207e-01,1.217375264780040878e+00,8.708842693694253123e-01,-5.208746848151293296e-01,-7.256915810949632339e-01,8.404599234191824086e-01,-2.306174969832283317e+00,-9.797814673488005610e-01,1.589864082650146004e+00,1.912680703796576065e+00,-6.503483699657369721e-01,-2.093940562598479993e-01,5.676086372350067633e-01,-1.510432973924271671e+00,8.194733623933017075e-01,1.026317764383470221e+00,1.227622407505063018e+00,6.732717581613600899e-01,-6.234672490934837219e-01,-3.976741111053779670e-02,-3.521134791692097088e-01,1.170575007624239244e-01
-7.443602711269183825e-01,-1.422890411522675369e-01,-9.726781839450691081e-01,2.199927654370661678e-01,-5.218810966251640204e-01,2.203903146569952398e-01,-1.794629985284912910e-01,2.032493473535468276e-01,1.475431796630110703e+00,1.859061535242552132e+00,5.083331269650538387e-01,-1.501231112644840548e+00,3.256636740446706035e+00,-6.392160016174610604e-01,3.297238398743444487e-01,1.442198694011364024e+00,6.919842773644876432e-01,-2.889671789156016413e-01,-5.249941021063903035e-01,1.362378840868883334e-01,-1.271910221883441050e-01,1.190650000211280979e+00,6.809244964632378272e-01,-4.153500620743142725e-03,-9.818462166843882066e-01,5.082992911335275366e-02,1.993092593580193250e-01,1.855706848054401226e+00,-8.973911740164172701e-02,-9.145152143719558202e-01,7.369331615633725185e-01,-3.912086115257664143e-01,-2.395531117591106485e-01,-1.399131244036364130e+00,5.858771559633981774e-01,7.256203449357598867e-01,-1.769822993002770239e+00,5.220557598326817095e-01,-5.313465831700803221e-01,7.775587937012724549e-01,1.041506070452213883e-01,-9.960648702164037749e-01,2.130364263255146162e-01,2.631407557288597543e-01,1.461940998818188842e+00,4.252898708503274339e-01,-1.303906531369629918e-01,-1.061917459481861004e+00,1.018195757775988586e+00,-8.729868792907390374e-01
-1.112204148200731435e+00,-1.010095788930928995e+00,-4.447340794435964972e-01,-2.309443974647217290e-01,-5.172044076149813208e-01,-3.553027491205053012e-01,-5.926497678732706165e-01,1.220338657760757561e+00,-3.278663706382095033e-01,6.887687739079989546e-01,-3.746414223424897327e-02,-6.793398693102817854e-01,-5.038396798116565600e-01,-3.985907821356906022e-01,-6.285528108175305606e-01,-8.361676916804509918e-02,-7.229574715531296158e-01,-9.974652252345698189e-01,-7.332406010039644872e-01,-1.760152371224085410e+00,4.592147244634612324e-01,5.711451252927165489e-01,-1.346217985261973338e+00,-1.119895783421136271e+00,1.013528892857479491e+00,9.756616293282758257e-01,-1.199121435871002506e+00,-1.298154429796709364e+00,-7.501649141482634731e-01,-2.013411713912441336e-01,7.940578170474518194e-01,7.221624964838875282e-01,-6.327657698858314417e-01,7.786451131280778259e-01,9.628228684449273711e-01,1.013043369413396899e+00,6.870017891784035990e-01,-9.681313360944580060e-01,-7.884994427623891466e-01,2.695985238945997620e-01,-1.412592587375634423e+00,-1.291715788935712816e-01,-2.102014465107480967e-01,2.804526623405381724e-01,1.380634955481761850e+00,-2.943315400452422570e-01,1.442524149888776863e+00,-5.480497668440353909e-01,-7.814567626655652965e-01,2.330592322543462713e-01
7.501480812566954093e-01,-4.490071296774625909e-01,1.404320688387877547e-01,-6.055216945837812448e-01,-1.716205830827991774e-01,-1.908216612604659579e+00,1.654627295668478770e-01,9.302156412255248030e-01,7.992866805507244932e-01,-2.379786547119961959e-01,1.630762817125593345e-01,8.129097254410738715e-01,-8.881459796114906657e-01,7.176214531836018137e-03,1.413975413283026894e+00,3.210068644154132761e-02,-1.151146552954915192e+00,7.166876041466087033e-01,1.411568893327073970e-01,-5.095141761995429786e-01,7.963832290826735605e-01,1.506261374777089435e+00,-3.508413739872887072e-01,2.278585165177985927e-01,4.092582432550734284e-01,-1.791037293414542209e+00,-2.971651711060767642e-01,-4.008220791733888566e-01,-8.595430314194010823e-02,-1.476674491682278045e+00,8.037808231518354940e-02,7.667264113239269374e-01,-1.284545385001318873e+00,3.887910037592930412e-01,-2.637703441849233443e-01,1.456852991587539892e+00,3.459858522907430234e-01,1.617939846646812896e+00,1.189005232561460401e+00,-3.260291835145839312e-01,-6.577848789112734629e-01,3.255620016685296103e-01,-1.586094394171848332e-01,5.563215093852301452e-02,7.043243095227303963e-01,1.045908937330028765e+00,3.471214660974654143e-01,-1.135941923649637753e+00,1.099677565358669229e+00,2.161008998697099837e-01
-6.884165028379345408e-01,-8.783257066608936292e-02,1.319015918430684220e+00,-5.221231507981409781e-01,-4.997976878760192476e-01,3.746756261341886995e-01,-1.134335296200081888e+00,1.105709059826368135e+00,1.001844572173614806e-01,5.186220600506563638e-01,-9.013876553538530123e-01,2.930257086315977699e-01,-4.509743870328200566e-01,2.600431292814969764e-01,-1.746956051138380595e+00,-4.114152348484020894e-01,8.708700635175579130e-01,1.123796324302178018e+00,-2.591215617950426431e-01,9.267951393636330026e-01,4.444956449787428321e-01,-5.214775202380106389e-01,5.936804102280680562e-01,-8.745030136058652426e-01,-1.269824863417281069e+00,-3.161855786271834390e-01,-1.329682495473559989e+00,1.505820939049510310e-01,-1.618906208418487980e+00,-2.616321362416276775e-01,-5.016684498542697268e-01,1.061970485492063299e+00,-5.155586575469106592e-01,-1.715781792685930007e+00,1.146068806484153546e+00,6.030371744361466835e-01,-3.118622388849139337e-01,-7.828055982871588991e-01,-2.068232661978621767e+00,-3.449740835621519786e-01,-3.567651107270116695e-01,2.702035516809567772e-01,9.215797470345137021e-02,-4.975361696862727889e-01,-1.466420015475609073e+00,-3.338119878106991512e-01,8.062534029986346829e-01,-3.190502388685306223e-01,1.055193548169843787e+00,1.267027664570282708e+00
-1.500833260137851566e-01,-1.247841914527171969e+00,-1.226016483186559702e-01,3.399494393392155644e-01,-2.719484574275219835e+00,1.930216898988136975e+00,3.978796147326574273e-01,-1.019218013665749600e+00,-5.151420835099356221e-01,-1.448755362444214212e+00,5.722416414154530839e-01,-2.208185559614222193e-01,2.765886712604955777e-01,6.881363647443834441e-01,-2.342968613310662529e-01,-3.787154656116625828e-01,7.357365478032769079e-01,9.639289874935499380e-01,1.567753113301790346e+00,-8.250592873222872825e-02,1.304528703599835193e+00,-1.331461269439947914e+00,5.210949541798617357e-01,9.996831450724490142e-02,-2.544281685663598580e-01,-3.376565108567952667e-01,1.245578959348752957e+00,-1.243085200644905575e+00,-3.266596238422924126e-01,4.136484229794018530e-01,-4.680007492652675793e-01,-3.243438502693163361e-02,6.547118142656520590e-01,-4.210403768296883675e-01,-9.091965692435388657e-01,4.025100862799074752e-01,-1.468120592682755632e+00,-2.247872311393741829e-01,-2.928691813582197101e-01,-1.434517670751217278e+00,1.140393055075062945e+00,2.846182103674093966e+00,-3.358256992514722095e-01,1.942753200917964398e-02,-1.663807868606029805e+00,1.699765786535741174e+00,2.646179200413019683e-01,6.000835937163216949e-01,-7.177258734274409857e-01,1.554646767320534861e+00
8.765923950103401197e+00,9.505906550225091678e+00,8.357979153800933148e+00,4.905650998383847217e+00,1.304507947018776726e+01,6.435672247146534630e+00,9.317804080164789227e+00,1.205616475453253322e+01,9.945698122179331691e+00,8.998151746371712889e+00,1.194841442383621199e+01,1.291413158186302645e+01,1.019274217106792157e+01,6.794712194754435330e+00,1.058651642021816031e+01,9.933077154856192692e+00,8.884650635896377935e+00,1.278919757498595544e+01,8.850050220606975770e+00,9.618015252010927441e+00,1.200127081952963692e+01,1.135092949274216245e+01,1.190608161575201684e+01,1.112979440119255869e+01,1.283235702761848529e+01,1.302016059547234050e+01,1.164898480783671531e+01,1.224836492735892080e+01,1.043840743051200626e+01,1.309657468735576735e+01,9.256504946032031000e+00,4.871513647746465558e+00,1.015868848848765538e+01,9.288527607214309256e+00,1.209781305120379535e+01,6.716358002050053955e+00,8.750554782001428222e+00,5.764580654281695082e+00,1.025634402734150186e+01,7.675035195367927443e+00,1.008500358370920402e+01,7.109717511656576505e+00,8.724627170167527979e+00,9.195711998693083089e+00,7.687973280720418856e+00,5.353483850565002200e+00,1.109639151258261691e+01,1.391925492510519646e+01,1.330834173120552499e+01,1.416729844634649638e+01
1.101808050017766405e+01,1.029188214808248780e+01,9.359441892792938589e+00,1.060093313459450037e+01,1.241820419663202202e+01,7.513621071909816429e+00,1.169349537147875218e+01,1.186974614037239384e+01,8.315954592247967625e+00,9.034022239813943145e+00,1.146105755199122100e+01,1.057824954781014171e+01,1.025290776418623295e+01,1.064394390156613923e+01,9.442383950369810819e+00,6.889636970161776119e+00,1.332734633618616904e+01,9.591698800448249074e+00,1.098695906435255409e+01,9.829892700428548125e+00,1.231512129165149005e+01,1.210824671449261025e+01,1.308170058383249135e+01,1.216540017237449334e+01,1.266638840851096148e+01,6.631358779966044281e+00,1.225230302227945067e+01,8.093714471779414055e+00,7.725352338774330363e+00,7.193098693209920569e+00,1.365681022792424315e+01,1.142505242350694949e+01,1.008353741247900537e+01,7.192227168228735756e+00,8.886602412766835712e+00,9.393768772588055427e+00,8.816835664350575641e+00,1.008718050663251908e+01,7.565324155194613098e+00,1.174896566798633657e+01,9.307503946023061303e+00,1.226793025603469900e+01,1.351229263331270936e+01,6.109695291801511274e+00,1.041741776500319716e+01,1.136099964028186449e+01,7.855463571278720636e+00,1.090196153507547905e+01,1.087503723346396001e+01,8.684484347446652208e+00
8.739519141272305447e+00,1.146849300662800886e+01,1.074433186654453642e+01,8.788585137991267615e+00,1.319805719496836893e+01,9.741053690003200316e+00,8.723517778255638788e+00,1.282675565662011685e+01,9.895803579974344899e+00,1.047225798914067418e+01,1.184953066253838827e+01,8.404427471761922064e+00,8.742161186957918773e+00,1.260258894540339369e+01,9.851486602665431747e+00,1.042939839429952364e+01,9.457627143360168631e+00,8.533664524577629251e+00,8.325603873493079732e+00,7.164728339754979913e+00,1.108271684588246231e+01,1.153999956129097093e+01,7.701237965325763213e+00,9.864624359707677925e+00,1.087630258909265457e+01,1.002369280350535519e+01,6.613913173427748760e+00,1.134533922843527698e+01,1.230767259852282791e+01,9.436871612627205863e+00,1.146232664230941722e+01,1.054926140252022293e+01,9.418818991265300866e+00,1.033619397133382023e+01,1.146911128254613566e+01,9.429112441346937601e+00,9.516470106094113035e+00,8.031388473579383458e+00,9.723161702282153485e+00,8.188915006867969026e+00,9.339714725508343918e+00,1.223672696544424277e+01,6.902133667257050575e+00,1.237100352055753305e+01,7.882450073148859815e+00,9.243203285210114473e+00,9.866099351458883504e+00,7.376887089625670413e+00,1.149821577271074169e+01,1.014783128577766824e+01
1.201830121102840998e+01,8.769433272278650549e+00,1.068087590768851314e+01,1.130445284159374886e+01,1.088257628230616803e+01,1.279396328124561322e+01,7.410657804853000741e+00,9.606071519496405031e+00,1.094483313413924463e+01,1.274674378052166190e+01,1.104765396262170540e+01,1.284902725376986510e+01,9.982980961478382653e+00,7.630100211846041702e+00,9.691827337805872133e+00,8.331706711081935168e+00,9.363388081525716444e+00,9.935011207372292930e+00,1.240741309367866840e+01,7.414573935565877960e+00,9.321087471765471477e+00,1.147634120736209162e+01,1.033539497979968225e+01,9.516972796671813839e+00,8.661231496100779026e+00,7.877440887375955825e+00,1.334028016139779105e+01,1.101535798129399879e+01,1.419187045153237747e+01,1.064492172349119237e+01,9.866943471940366805e+00,1.083739617067213956e+01,6.809548663356544296e+00,1.043471248975063048e+01,1.050178964124651415e+01,9.963626582391560405e+00,1.248011080998292854e+01,1.191427402727989460e+01,1.024611496436711988e+01,1.268037736969715468e+01,9.048328645330597553e+00,7.241549368849928392e+00,9.926388419137671448e+00,9.204366559643499812e+00,1.336104989768426421e+01,6.530799646882998744e+00,1.361022717244458136e+01,7.991799985084471203e+00,8.654833917001813148e+00,1.133420597433116228e+01
1.381866003385365715e+01,8.193183031724935006e+00,1.126895688196350598e+01,1.152989530041182320e+01,8.819559361370298944e+00,9.073531763158502628e+00,6.661401039618024988e+00,1.110690165603614332e+01,9.725825502517192689e+00,1.192446551424926504e+01,1.104338535691650769e+01,1.104366252796913095e+01,1.028038697566428894e+01,5.836095460892149589e+00,6.950833600786374689e+00,5.586918553350735728e+00,8.326131490355201947e+00,1.181260999379554555e+01,1.328664507087455959e+01,9.452472914204621546e+00,6.912193094133602500e+00,1.089642678935041076e+01,9.910223783935260045e+00,1.005024388383925249e+01,8.872016100964723151e+00,1.053094359351136866e+01,1.055514847634325371e+01,8.402735708550991944e+00,6.111782960573052037e+00,8.399788959272642686e+00,8.316326229050332586e+00,9.329793706665068243e+00,7.484886343680967613e+00,9.686406328164606450e+00,7.931777816781186097e+00,9.010177187656545073e+00,8.634858644069950628e+00,1.441539580101524010e+01,1.158178283232910744e+01,1.264350033009382557e+01,1.113733575385601782e+01,9.741095117807773818e+00,1.082853403925729197e+01,3.749216366136905343e+00,7.928398394039765762e+00,8.042360471339495831e+00,1.029323622293303941e+01,1.135729007225010001e+01,1.058536270191222428e+01,6.478576376231590217e+00
9.561915413393874630e+00,9.777116919363143310e+00,1.010275173890772749e+01,7.338566091032643790e+00,1.127146555887670054e+01,9.810712024726841562e+00,1.114739138811814456e+01,1.179558776559196964e+01,9.914635136005644611e+00,1.449777468019236792e+01,1.373591690532030540e+01,1.058276359983987547e+01,8.186835383680019618e+00,9.931677938349441348e+00,9.301510110804253273e+00,8.563147939215742355e+00,9.353958304211438701e+00,6.954137082130426251e+00,1.074300978796189376e+01,9.388601688297386616e+00,1.250220892700215458e+01,1.229980425908589226e+01,6.684861034940363211e+00,9.829048658055169696e+00,9.561588362046180123e+00,6.265914777312847406e+00,8.053014596500570832e+00,9.053819339347672468e+00,1.143163842714719181e+01,1.057045094997851997e+01,1.061860091446110488e+01,7.026034440088518629e+00,7.654659698549194147e+00,1.218818387212756171e+01,1.036039333906758309e+01,9.139426853199621448e+00,1.076569553387511569e+01,1.271277660740809878e+01,1.135803809957882393e+01,7.844189592457488480e+00,8.032987767413972691e+00,9.923284986135103125e+00,1.024429759057748690e+01,5.478543121192735121e+00,1.055311402827530465e+01,8.936746154757249982e+00,9.536565804153664061e+00,1.170152612421323290e+01,1.075087583775432876e+01,1.151324719686505205e+01
1.150026818285435404e+01,8.853553295629478015e+00,1.442200834679056243e+01,1.043352067469403011e+01,8.788154277830363625e+00,1.067581329043335714e+01,1.310012883124566407e+01,6.515814559032650166e+00,9.117731989913609780e+00,9.816758654085958824e+00,1.127149601121851497e+01,1.325151684141009056e+01,1.302411110791711479e+01,1.093691804047004545e+01,1.098407583786102748e+01,9.426389023750115115e+00,9.965187485494151787e+00,1.031312136918262645e+01,1.318801274189870298e+01,9.121256946334987958e+00,1.049250157844899789e+01,1.155017082731407463e+01,1.063547771080341420e+01,8.103036324148492398e+00,1.215069752713455564e+01,1.112205471628299591e+01,1.189140271376614955e+01,6.910142267536032890e+00,9.925565887625879213e+00,7.611234527755135204e+00,1.260930515124788620e+01,1.157107633048134687e+01,7.935568160206313060e+00,9.298638954410719748e+00,1.028975345261811292e+01,1.037441013318831473e+01,9.144311409886014985e+00,1.050151233235397541e+01,9.665072141354295709e+00,7.804735626542438354e+00,7.099840819804382974e+00,1.126502666711513889e+01,9.716430159387522636e+00,1.040147920325402175e+01,1.114235165685232332e+01,9.938991901758287284e+00,1.297701837147045012e+01,7.420490538480608578e+00,7.908196505826307288e+00,1.213439947307086797e+01
1.057252068538187650e+01,6.896626794390119386e+00,7.216293765445031205e+00,1.114188754573343587e+01,8.568470014262022261e+00,9.647625230679551578e+00,8.884191231069687333e+00,1.162475602493727145e+01,1.258990377895813673e+01,1.241101879576950573e+01,9.126384776083238393e+00,1.065019558986416648e+01,9.616365674192110191e+00,1.014773850528568566e+01,1.166327114441146406e+01,4.615506286122600166e+00,8.263671301596923868e+00,1.102011367419855503e+01,8.600650426839196783e+00,1.199508745326105341e+01,8.182482776327921314e+00,6.899471016750215568e+00,7.487552846103365134e+00,1.072254688090527175e+01,9.174960312699685261e+00,9.174733370761328999e+00,1.172507797195904899e+01,4.784093291570949091e+00,9.927657581500353601e+00,1.188660881963939531e+01,9.233458178026735297e+00,8.634840225842719263e+00,1.233225605088509980e+01,1.258886255872356230e+01,1.005007612314896726e+01,1.215891718874113003e+01,8.623008087738561755e+00,1.321172604357817626e+01,8.311759844278970633e+00,8.994377033305033464e+00,9.636764795276789641e+00,1.103205410985808044e+01,1.199600198803341655e+01,1.141484923203326751e+01,5.861098016854720427e+00,7.423244736334066118e+00,1.031938201890329587e+01,8.634224549610006960e+00,1.181424640522288172e+01,1.138180709196387852e+01
1.263902366732197535e+01,9.187955809539642971e+00,8.580266918926524156e+00,1.232559673522492716e+01,9.642726639435389657e+00,1.260240051521162741e+01,9.668733267080970251e+00,9.776740132614783363e+00,1.117838885602638399e+01,8.499735681929944775e+00,1.215105447518134341e+01,8.888622244077904355e+00,1.082847707149226046e+01,6.148974847198420690e+00,1.370066328470912609e+01,1.135249278940041862e+01,1.122440279435399724e+01,8.919817760887235991e+00,9.254342244148102026e+00,1.058533263732859275e+01,1.277528658540627227e+01,1.090683003706755549e+01,1.076478788389115593e+01,5.958963306977508090e+00,1.068519662599252662e+01,1.025867999368455052e+01,8.041888105909309914e+00,1.233712008413879246e+01,1.187455867822717082e+01,9.950903119134148156e+00,9.541679709088297656e+00,9.313573905031237388e+00,1.146831656002698452e+01,8.990564631924401695e+00,9.278395701116718186e+00,1.153217252204907162e+01,1.014965093651821348e+01,1.182309294527154364e+01,8.937545343843307677e+00,8.687590518622460678e+00,1.120143792159512053e+01,1.106633912958766075e+01,8.447588220652177071e+00,1.002849431532354885e+01,1.261152810240551325e+01,1.302104778697586696e+01,9.549648807813712281e+00,1.117482512592594013e+01,7.929356808141555746e+00,1.005173629863863916e+01
1.023502530603945537e+01,1.173688252675328414e+01,8.992255442754283123e+00,9.392482113680523881e+00,1.041579572557881583e+01,1.312071474581900787e+01,1.017642535816780480e+01,9.774539283370280884e+00,1.100749298578879021e+01,1.368566445190660374e+01,9.558180306888678146e+00,9.102231153476596504e+00,1.150891227581202969e+01,1.283163416036327220e+01,5.296887630842733508e+00,1.078995515855888421e+01,9.248086569839284010e+00,8.561031040547913307e+00,1.035996289311448848e+01,8.195070881824953801e+00,1.077360827483550132e+01,9.219755947924200612e+00,1.001824385886688162e+01,1.230437737184977109e+01,8.869125690098050185e+00,7.713221532505050604e+00,1.082738055295026491e+01,1.217223430997346689e+01,1.172031781751355695e+01,1.187315199898133855e+01,9.421079347093177958e+00,1.125694149596280624e+01,7.757571385121022622e+00,9.566874029241017041e+00,9.878815038951707095e+00,8.270812359930744151e+00,8.427039428517254294e+00,9.754216960474591858e+00,9.006337930454526131e+00,9.830511032860634657e+00,8.493143692284728985e+00,1.566767860842537630e+01,1.225835233451554984e+01,9.717653809817536015e+00,8.913531653995846682e+00,9.088651203022552139e+00,1.243286924955632422e+01,7.852225279110741418e+00,8.769057134940057452e+00,9.535460404359829667e+00
8.690506152009344731e+00,1.117866008554138979e+01,8.929802935526453211e+00,5.907621838800410252e+00,6.411398247148888174e+00,7.353901336126434707e+00,5.899819372774787851e+00,1.043064343785125558e+01,8.214516212091952596e+00,9.778528687333333025e+00,1.191898950329178675e+01,1.106790263230716675e+01,9.814525336625642638e+00,1.203305059456808657e+01,1.033314748595692478e+01,7.922561081696853691e+00,8.442938773637235883e+00,1.007997379221366963e+01,1.016333309934182871e+01,1.000351562091854696e+01,1.223446794909771640e+01,8.231846941957616792e+00,7.561481321158936453e+00,1.015808468281593946e+01,1.001612186066500776e+01,1.170343976012100029e+01,1.072476802039720667e+01,1.200728075388769511e+01,1.050332836670152226e+01,9.097464232916250282e+00,1.069708166045719189e+01,9.104135047557189608e+00,1.385911289350127262e+01,8.587205258676471331e+00,7.411950043345168382e+00,7.159788017922975811e+00,9.362392909234868554e+00,8.349300293215762281e+00,7.532495408340246001e+00,1.273987738651035428e+01,1.671102937269017019e+01,7.157470919893020422e+00,9.887728921501743429e+00,7.762967306335615270e+00,8.821372759276286502e+00,1.124219221490416487e+01,1.237590771718075722e+01,9.497823600021394697e+00,1.215575942529268616e+01,9.602926329439641862e+00
1.118648958024446749e+01,9.560584481652503186e+00,1.089353774340694692e+01,1.023817310118205093e+01,8.968468899206699874e+00,8.355406056754631550e+00,1.174165910790184775e+01,1.177984034227834798e+01,1.076170389982091535e+01,9.485857125094787179e+00,1.195856444135862873e+01,1.053283916070912341e+01,1.026059913843386795e+01,1.008525380004654792e+01,9.783787172571534185e+00,8.340195585116420673e+00,1.144559488615840159e+01,1.173554636427727971e+01,9.063910641689414405e+00,9.494011083993513012e+00,1.036755515365769575e+01,1.038583938312488897e+01,9.257154770529293586e+00,9.070186354379458749e+00,8.889305232625602571e+00,7.668558417108391367e+00,9.191854421997120994e+00,1.168294967256458250e+01,5.997563016124405344e+00,1.066600386291488434e+01,1.193314637380533938e+01,6.797664977829870558e+00,7.394506977973412276e+00,1.143134523327115382e+01,8.594328318819393076e+00,1.214201824717622635e+01,7.993162197302222438e+00,1.120794496368772286e+01,9.997517934964507802e+00,1.070936267367983419e+01,1.190226126051114441e+01,1.112543927770951946e+01,1.070806842264165937e+01,4.845317128793434236e+00,1.084885191802497140e+01,9.328844666802575958e+00,9.754531730667389766e+00,9.156598391526218350e+00,8.453516614328698608e+00,1.050559515124218102e+01
1.116536472676516212e+01,6.478873313775041609e+00,9.057690673840022910e+00,1.042876709434939464e+01,1.080322794340706238e+01,6.397045067127455908e+00,9.699027045525060231e+00,8.159729082621947072e+00,9.756342628937588302e+00,1.388703807779799071e+01,1.192202108584690201e+01,1.100684602953590918e+01,1.100621182335227033e+01,8.072469427312300994e+00,1.181692116277361215e+01,6.443107365359260541e+00,8.172457616449181117e+00,1.218623672201299790e+01,1.150701159562215459e+01,8.214493356719806627e+00,9.805621686244430535e+00,1.268554514555653512e+01,1.253049625027770730e+01,1.161747358048689982e+01,7.313329801774699490e+00,1.170147189685420130e+01,7.686432808412629214e+00,9.956169822069698583e+00,8.413337372958052285e+00,1.133554986449851576e+01,7.154743798495410090e+00,1.041393155419525129e+01,5.979909814770594245e+00,1.081400328549724499e+01,9.575235424548067087e+00,1.035285365372306643e+01,7.969760672306049010e+00,9.199895926172750649e+00,1.263718001248098766e+01,1.077001799147319971e+01,6.561220333733629673e+00,1.171133189342028302e+01,9.386661038864358986e+00,1.235086581178633125e+01,8.912236421545287612e+00,8.872282853348222531e+00,9.577352024476315506e+00,8.324522233984914976e+00,1.113919225951229031e+01,8.553101624957090365e+00
8.935731068627973173e+00,8.744197314025315748e+00,1.264103891085088094e+01,9.446374316054948039e+00,8.487006886194372157e+00,8.662294318536222448e+00,1.456974691877294248e+01,9.123729178960166664e+00,1.062198243560265176e+01,8.382160714839631765e+00,6.509649047782932740e+00,7.298953955938256577e+00,1.050415669426303111e+01,8.654602013589723697e+00,1.022768064721091896e+01,1.104034235208164461e+01,1.267340750796001458e+01,1.702596081515125093e+01,1.102611858778557519e+01,1.092700097833960982e+01,8.648768982711349196e+00,9.956694424542980926e+00,1.159855557008044968e+01,9.853222362968899972e+00,9.849639916026298181e+00,8.827134734007159977e+00,1.057891983082977028e+01,1.004018822363544317e+01,1.079653494154490367e+01,7.352605327156569004e+00,1.466541660550077886e+01,8.876849844704025827e+00,1.131323755543787968e+01,7.745722513982938651e+00,9.076914791707713093e+00,8.915527726878419656e+00,1.114557052178927066e+01,6.871655782713849803e+00,1.199176561472289926e+01,9.493720270990131382e+00,9.656329619299544476e+00,9.171620475439345554e+00,1.003221858926185384e+01,9.509187860592808406e+00,8.468960846985027047e+00,1.160182221831682803e+01,7.146939291679018424e+00,8.278286597025342530e+00,7.476119537509266166e+00,9.906014594126112627e+00
9.528495182434769006e+00,9.980076749436934236e+00,1.004760284640413381e+01,9.161847568927711905e+00,1.196696470324168260e+01,1.069611454672783246e+01,9.081232782870808151e+00,1.061144036681877445e+01,9.924878976187612167e+00,9.674185508917380716e+00,1.082242566250489446e+01,1.088416800770213300e+01,9.320306238129802523e+00,8.736445669538184688e+00,6.315389571781421907e+00,1.197247722537566439e+01,1.208916906815796111e+01,9.935597848056071157e+00,1.085337452587384810e+01,1.290643485532549839e+01,7.259144640206571353e+00,1.262598387394040955e+01,7.739818916874609656e+00,1.041344974110128163e+01,1.178411819210803912e+01,8.494763648254489041e+00,7.894894402755760154e+00,9.740824012900025863e+00,8.451570701849551170e+00,1.052580223695664863e+01,1.018277448275304309e+01,7.191450393081428416e+00,8.440235684535680960e+00,6.197142556661556334e+00,1.084003539236702807e+01,8.583007718314755508e+00,1.101132557363830777e+01,1.147108818250704232e+01,9.586349435301357857e+00,5.796911213518558093e+00,8.786544903835030951e+00,1.125924043371670358e+01,1.238132359827167051e+01,9.441407020230329294e+00,9.276218707534555463e+00,8.806754278274750547e+00,1.065705542129928851e+01,1.533031009555348589e+01,6.695113172005763502e+00,1.138399016265284835e+01
1.010392492667753039e+01,1.316334228602146439e+01,9.024780475206801711e+00,8.095949768060080487e+00,9.000567487195679561e+00,9.474365870496491482e+00,8.702766106712049421e+00,1.258890381616209098e+01,7.843910752656684693e+00,9.871827577106783380e+00,1.516479576272210039e+01,8.993923245650023546e+00,9.244240069482247080e+00,1.099298514933226656e+01,1.129767911162362459e+01,1.017868313071029185e+01,5.918860992402509957e+00,9.237200956104135940e+00,9.561680194917952846e+00,8.461897334482047839e+00,8.857957679862899170e+00,1.079934269808720870e+01,7.686005084026055201e+00,7.825571146673404144e+00,1.282185556108590063e+01,1.142818626385452774e+01,9.731929522871780591e+00,1.149592660380250919e+01,8.992481728097777349e+00,7.071949364045768682e+00,5.707249071620749348e+00,6.300537155097984510e+00,1.031483643407586293e+01,8.605771605696844517e+00,1.223666096590366514e+01,1.242282517429647015e+01,7.051362785971819314e+00,1.372396834767547524e+01,9.592738614899610994e+00,6.493258572558449515e+00,1.116516577797552223e+01,1.033788757381467782e+01,1.042284226434319194e+01,1.279593142120775440e+01,8.254419280127283542e+00,1.252699532317450348e+01,1.385116004603548490e+01,1.281715806809298996e+01,1.025297606736035050e+01,9.853689674711212376e+00
7.567268398504043425e+00,1.256693804345872678e+01,1.116806011122589126e+01,9.889026462292203945e+00,1.165460871450336633e+01,9.002917571039612099e+00,9.235864906601822355e+00,1.395409620323511923e+01,8.377778347528042957e+00,8.791736168335212653e+00,6.590514437606110221e+00,1.017114075537943130e+01,1.157877195908031176e+01,5.833492767591510919e+00,1.002125945293506248e+01,1.132237049814630936e+01,1.275879250607113491e+01,9.407149945540307812e+00,9.430086705219284937e+00,6.725206868506813151e+00,9.939605667873923522e+00,8.978031691287386096e+00,1.204840455802883170e+01,9.354119455703250097e+00,6.383448433204377714e+00,9.423805815305160039e+00,8.262622613929503146e+00,7.822813651785457623e+00,1.104810507530607211e+01,9.997646565213457848e+00,9.926062431728357893e+00,1.079546854126270539e+01,8.705942321705977704e+00,8.105292048586795417e+00,9.563375789426196150e+00,8.471708660274217095e+00,9.206443830026751485e+00,1.095582155543579006e+01,8.473246540851677722e+00,1.215113247240248739e+01,1.365976719361195890e+01,8.509735536496089381e+00,1.011473681451129814e+01,1.120816694903297339e+01,1.183550961388097278e+01,1.100735172492073310e+01,1.100231845761954297e+01,1.038756889427584262e+01,1.212163612923598421e+01,1.020024060526692367e+01
9.524424619756588939e+00,6.992405134027554148e+00,9.844837599198282163e+00,8.645606261180560637e+00,8.613798269784947337e+00,8.647779880276276643e+00,1.092166272483468958e+01,1.026514635428892142e+01,9.535758940019151808e+00,7.015905352149350627e+00,1.057648297872111520e+01,1.133046662796369297e+01,1.204794603209052894e+01,1.360543562001734230e+01,1.080071562913548888e+01,1.207975365432124271e+01,1.150352773497156811e+01,5.082059107833203804e+00,1.406835390533382224e+01,1.210215654117489237e+01,1.204526880798212396e+01,1.337716221083691082e+01,8.730341322239045354e+00,9.631909005964823578e+00,8.807593624154689493e+00,9.509708916323173611e+00,1.200345596359036193e+01,1.102572097298613052e+01,9.122813240517146482e+00,1.240840828740190993e+01,8.779679731281069266e+00,1.419019232310464673e+01,1.063225671561098551e+01,1.365428296101743832e+01,9.395950574058765881e+00,5.106478192711406905e+00,6.233118517897199062e+00,8.989535022653067031e+00,1.038070382478647780e+01,1.148760006963995295e+01,8.163651733194246418e+00,1.091248608427014055e+01,9.285172717288476818e+00,1.009001712009668950e+01,7.912365838547968266e+00,7.434201976964789793e+00,1.321625499984929597e+01,1.217590324125734647e+01,6.864200103038198719e+00,1.017298137248314305e+01
1.160057324186235661e+01,1.387584129075152362e+01,7.058829918714913276e+00,1.041530477500864826e+01,1.130414162300071723e+01,7.784605025696065717e+00,1.051279118885085317e+01,9.111895720127135334e+00,7.285348448284105771e+00,1.127446070269708756e+01,1.164464907069144139e+01,1.072489243299464157e+01,9.886961787849731564e+00,9.320873719549897629e+00,8.131673594550992590e+00,1.093476178666050380e+01,9.480642176589965331e+00,3.538737835116449126e+00,8.769979643300960248e+00,9.062718536299758654e+00,9.878081381157679530e+00,9.506181630044403974e+00,8.260116976760000895e+00,9.520228892121357589e+00,3.884460814833346376e+00,1.252918937739099192e+01,1.185431939823758185e+01,1.293656175875182335e+01,1.370486713873280493e+01,1.025367551844953518e+01,9.137843671948816748e+00,1.256145366034990118e+01,6.594363603876186808e+00,7.498095602542831806e+00,1.210521265077332487e+01,9.892856665539326855e+00,1.067164579541605995e+01,9.151130814809061320e+00,8.659699684158805866e+00,8.164894126829283394e+00,1.072238922563136398e+01,1.334590240029069719e+01,1.165379000777169338e+01,1.044010507185461378e+01,7.673860192879097042e+00,5.916771802527821755e+00,1.393560062316310422e+01,1.123694542788124195e+01,7.822161448893732327e+00,8.579508551383124626e+00
1.255529325563037979e+01,1.294760512466655022e+01,9.002788589912551487e+00,9.203232936097089478e+00,8.458977059041744795e+00,9.956663852350914112e+00,1.132303857113630485e+01,1.022770341617501089e+01,1.447132155039842871e+01,1.196749664457813189e+01,8.067703404354720220e+00,9.307090382082650493e+00,1.384131072826266262e+01,9.963397086404414793e+00,9.875240878791711197e+00,9.696209564576427908e+00,8.216992015744953193e+00,7.185697985605010274e+00,7.623593961400386476e+00,9.231258515231582251e+00,1.071930845928857678e+01,8.310761726244017211e+00,4.681133659657179535e+00,1.007173752750316176e+01,7.278428249268340977e+00,1.055447220319181056e+01,7.872100817243742554e+00,6.238093668939725056e+00,8.041735455262852383e+00,1.367588120946166086e+01,8.238795925145504739e+00,7.871579076477152270e+00,1.060961414406397019e+01,7.345405731332280475e+00,1.105085305839662801e+01,1.221196598669890676e+01,7.634668980907855840e+00,8.689641315443482839e+00,1.087849062222674945e+01,1.085529864096459107e+01,1.146746174183717493e+01,1.192196567743868307e+01,6.408158880028205218e+00,1.036750293208533868e+01,8.728113773744826887e+00,1.073782872665186439e+01,7.999649680536297325e+00,1.380639437310697204e+01,1.072399658877693440e+01,1.369238416687503346e+01
3.088081951092038580e+01,3.160258554329644554e+01,3.115790010819812395e+01,3.084178363801443368e+01,3.110085471364401855e+01,2.790870381948167278e+01,2.806927167863208084e+01,3.069077803250505099e+01,3.081840840100838363e+01,3.032079575298836716e+01,3.003644902244015924e+01,3.091461376442306630e+01,2.962111662590806560e+01,3.105149870038558291e+01,3.108598858851544122e+01,2.944315688080736848e+01,2.943019139079877533e+01,3.053070520440338598e+01,2.978365192827351393e+01,2.906632984440731349e+01,3.129779389030784031e+01,3.087977340237453916e+01,3.198655501525081135e+01,3.318993194372542632e+01,2.990483932562902325e+01,3.190654791745200214e+01,2.960187577046790963e+01,2.959726945642728424e+01,3.122391044042128527e+01,3.064523336292700861e+01,2.959958797725007784e+01,3.010004436291630014e+01,3.130529369109118676e+01,2.901052845275661340e+01,2.908065346684217900e+01,2.881038020746716199e+01,2.989418303412467282e+01,2.986034122097275656e+01,3.136885436115883508e+01,2.861362097356050427e+01,2.909611529781764006e+01,3.079223756826382541e+01,2.915719858406296794e+01,2.901211870955904359e+01,2.953710551717425403e+01,3.002880416799742136e+01,2.686310973937907320e+01,3.005728043340172917e+01,3.006809985830705401e+01,2.899726835226171318e+01
2.957339393936083383e+01,3.110408669876870746e+01,2.823979768266757873e+01,3.089930482813311130e+01,3.095006546973168327e+01,2.938284003937448929e+01,3.095556635248976107e+01,2.927138688276746592e+01,3.061555327895790057e+01,2.958951582074373476e+01,3.083355419326516511e+01,2.929648756584154157e+01,3.125357172105920611e+01,2.875838151583296209e+01,2.921698917683144359e+01,2.960795345589371763e+01,3.045014472700965058e+01,3.032874103652031295e+01,3.014304768599072659e+01,3.061014242051064826e+01,2.935622543202384094e+01,2.957398957091562153e+01,3.181339304616250274e+01,2.959418641146405804e+01,2.955188542036880861e+01,3.051445737651265233e+01,3.038315112153093267e+01,3.085876154402557248e+01,3.046509341152920669e+01,2.989213896468489651e+01,2.970585980931437575e+01,2.932580246055124817e+01,3.120331758796001154e+01,3.014339592389941913e+01,2.971851386354846269e+01,3.150483535256974577e+01,3.037467507361316521e+01,3.054143092214816591e+01,2.981304092050184806e+01,2.834681500583735669e+01,2.973541308460892552e+01,3.090308145021006325e+01,2.958399601331466044e+01,2.983375218274829166e+01,3.074786708171811256e+01,3.015287627346653920e+01,3.089166918213642177e+01,3.054448024638113779e+01,3.077351063851866542e+01,2.932890607469045818e+01
3.031964162061179380e+01,3.092627646767912353e+01,3.006359048553110469e+01,2.997815857845209919e+01,2.971156877173357813e+01,3.109911562532736795e+01,2.762594110881720866e+01,2.908639853896971061e+01,3.006791642044646196e+01,2.874740841652416634e+01,3.010099771716715722e+01,3.110392955035350226e+01,3.150466868316506108e+01,2.967702382317259335e+01,3.164618908116987583e+01,3.231606621519372879e+01,2.994361181374376102e+01,2.910696168690796526e+01,2.925974432916304124e+01,3.071743828611650784e+01,2.989518169933976210e+01,3.075846703591690101e+01,3.019134410840730709e+01,3.009666530737354861e+01,2.884162694742459720e+01,3.117485517865066669e+01,3.054441772965905244e+01,2.943302372123035582e+01,2.985073327660547804e+01,2.976217751168094594e+01,3.071129262366629931e+01,3.070685323431067104e+01,2.900084078979936208e+01,3.019514112042319098e+01,2.955737594511888844e+01,2.924503496154501647e+01,2.962164419720672370e+01,2.887170228971367791e+01,2.960706919197975395e+01,2.916185174514932754e+01,3.075076831733231941e+01,2.978849211596884672e+01,3.008111383381611148e+01,3.101168141044411541e+01,2.713178150372912256e+01,2.879036719551808687e+01,2.980086481581802360e+01,2.982639861741383314e+01,2.967232627894648544e+01,2.993520831958062445e+01
2.957509808568272547e+01,3.104918416082800547e+01,2.779078338710788287e+01,3.030933732982154893e+01,2.969839969084122089e+01,2.957992147528561588e+01,3.016421689154793739e+01,2.899581189873141440e+01,3.042125269237767426e+01,2.965969406469357850e+01,3.092815522714883159e+01,3.101883178461404711e+01,2.973118417942601965e+01,3.092117865772624086e+01,3.078820228705212614e+01,2.828777334744111371e+01,3.077967012328170071e+01,3.007008975178283805e+01,2.969007844612248803e+01,2.972308480410965004e+01,3.002030101016762131e+01,2.992541296374765736e+01,2.981663296657472628e+01,2.899972342469641617e+01,3.060948397079949501e+01,2.992374841222748216e+01,3.059940359634531504e+01,2.942339222108786956e+01,2.955154057657201250e+01,3.062025934348823597e+01,3.083897075025862833e+01,3.136488493006446987e+01,3.050957771921937223e+01,3.000474863240652112e+01,3.138422610861767126e+01,3.059182416258929749e+01,3.055727668609811332e+01,2.987476249489375846e+01,2.977553794809350762e+01,2.913196084628485139e+01,2.943893487548199772e+01,3.116763588607749114e+01,3.093340148898434450e+01,3.016696907697352614e+01,3.062751947244887063e+01,3.011366150173089906e+01,2.799598022982128498e+01,3.095769369162883677e+01,2.930658477390932504e+01,3.101780878761050886e+01
2.928547279720584129e+01,3.056580486816530140e+01,3.049361557875624484e+01,3.073866967969891562e+01,3.145997066473653092e+01,3.007603835268881554e+01,2.877292296396712246e+01,2.984020162719784253e+01,2.937089136584038229e+01,3.174141757519499052e+01,3.088017437656374042e+01,2.974373985427023115e+01,3.078594460850728964e+01,3.164572089300759572e+01,3.283454946439467648e+01,2.981810430306696702e+01,3.208264129868495473e+01,2.915590285345243871e+01,3.172254204728212201e+01,3.025115723714133864e+01,2.871489599532439385e+01,2.849331403142305064e+01,2.871971171017144897e+01,2.953357724181136845e+01,3.089768397019452806e+01,3.033170177635594911e+01,2.994588287016514627e+01,3.125861880403373050e+01,3.033919234937507170e+01,2.904427573599611634e+01,2.912577928710399888e+01,2.889903787793504009e+01,2.978830688727808962e+01,3.176783132650297858e+01,3.047603005003488619e+01,2.992782546015482481e+01,3.015086483451461419e+01,2.984756233586905694e+01,2.937717842058961892e+01,2.806919678766953297e+01,3.010648496988843448e+01,3.049627810007250517e+01,2.923825051708065104e+01,3.080260452370353619e+01,3.028062871561596836e+01,2.717057947813245633e+01,3.197641560787054971e+01,3.034487742368553853e+01,3.097600751527425444e+01,3.036814934204179295e+01
3.041462800260769228e+01,2.985479105913474029e+01,3.022641793518276998e+01,3.007167496315963007e+01,2.828729873473589507e+01,3.037992307477290055e+01,2.859896770643264574e+01,2.975316763253688990e+01,2.937790725952666904e+01,2.963127947105643756e+01,3.153207231578283753e+01,2.900916212711545938e+01,2.804831306089011989e+01,2.789671758828411541e+01,2.898662778401200768e+01,3.172596436772921891e+01,2.917925373526717436e+01,3.198061307693940947e+01,3.011310379629189882e+01,3.063368410123104013e+01,2.964791240106403336e+01,3.159949776164679847e+01,2.847768571657333680e+01,3.061978119916780372e+01,3.128590924983080157e+01,2.937635756266140064e+01,3.043087523578954645e+01,3.047140506626617551e+01,3.023051639724126360e+01,3.093854678988871143e+01,3.043570121015772045e+01,2.953525397185992674e+01,2.808564422783894443e+01,2.894497155655784226e+01,2.835638237270858397e+01,2.934828327463890218e+01,3.179239424970295502e+01,3.091239517186004804e+01,2.818328524969724924e+01,2.936846032760279002e+01,3.153636866846275666e+01,3.040838882960272471e+01,3.030595647550839544e+01,2.952844079527059407e+01,2.975988100888143251e+01,2.959939973277914405e+01,2.968133673402924444e+01,2.989418453185627200e+01,3.050720741942668468e+01,2.927620540868212373e+01
2.819409349529512454e+01,3.077042629903243665e+01,3.048388515804705889e+01,2.888337348216323619e+01,2.927741247854615736e+01,2.957981958046297422e+01,3.022526799457891400e+01,3.087658398816337169e+01,3.011854013677897157e+01,2.840537518297058739e+01,2.970820645864649379e+01,3.042897126592866641e+01,3.061419004907575925e+01,3.039601544179278036e+01,2.880205165427026515e+01,2.801724107608028902e+01,2.952096750329516439e+01,3.158952333490791275e+01,3.061909580212775595e+01,3.082591301476524137e+01,3.106560792570869012e+01,2.834038970816265390e+01,2.990516033541916130e+01,3.002219687074094523e+01,3.198926439920237641e+01,3.000253929508193806e+01,2.953229788870070749e+01,3.108505813677903618e+01,2.809162385731614009e+01,2.952348072202416063e+01,2.999436419745577709e+01,3.182242695983509861e+01,3.047161812842335848e+01,2.928641496098294894e+01,3.165186429116983646e+01,3.090959107041833676e+01,2.918425917447005347e+01,2.886438864786320480e+01,2.984731990631275522e+01,3.014661413556128977e+01,3.009163836173316753e+01,2.962971490438743416e+01,2.988454351936231390e+01,3.059613276397324455e+01,2.988856951740008583e+01,3.143154642557091449e+01,2.894350518798989214e+01,2.939628310232883024e+01,3.179095250305149634e+01,2.898661953761630627e+01
2.926969796820261749e+01,3.079549720779215249e+01,2.868746342315274589e+01,2.987819606310943499e+01,2.999728205261040870e+01,2.864007580039059064e+01,2.938287698690637129e+01,3.044212909721841243e+01,3.044351149756439057e+01,3.008641138611211829e+01,2.756765245608445980e+01,3.141755349329325853e+01,3.007515031894621771e+01,2.947207212945918542e+01,2.953615983092392483e+01,2.870524915433356128e+01,2.938140097897209202e+01,2.902911752145390523e+01,2.992768707458816024e+01,2.977368643864931030e+01,3.189634725650968505e+01,2.897832770363908139e+01,3.053119451563285480e+01,3.112357619425632294e+01,2.960786942985329517e+01,3.053190755109406140e+01,3.005708993216548919e+01,2.996490549661591629e+01,3.045560313318011580e+01,2.952975641349754454e+01,3.006504924412674384e+01,3.099395771950100809e+01,3.000655541081969702e+01,3.063284961837680953e+01,3.131482052074983358e+01,2.992176518140590957e+01,2.895350966665344572e+01,2.854008423803622208e+01,3.002462606623118901e+01,3.198622739448281393e+01,3.100884131312236747e+01,2.964105865805288431e+01,2.994142839279617618e+01,3.189433502740226700e+01,2.965064508037674429e+01,2.872972601856374197e+01,3.106281411261860725e+01,3.122728240709033543e+01,3.003415298701367320e+01,3.062598420811047006e+01
2.939259444727840886e+01,2.804340099223300697e+01,3.152523619150559853e+01,2.983219009217060247e+01,3.322199152427735669e+01,3.110970865808844010e+01,2.948694246107565675e+01,3.034062164527408001e+01,2.961229119420380584e+01,3.020413906338572119e+01,2.959392622579450105e+01,3.160987489095487746e+01,3.041804420071843751e+01,3.171333225571331482e+01,3.160177320195171191e+01,2.955823320973831159e+01,2.995197903130674533e+01,2.941624966023188037e+01,2.958718589918022346e+01,3.181706737599582269e+01,2.934311302369948038e+01,2.949527227796165718e+01,2.984078042279093879e+01,2.808953955329221941e+01,3.053007556147369783e+01,2.898435183353957001e+01,2.932190194932092808e+01,2.970339808199183551e+01,2.974531456552950104e+01,2.961383394654006551e+01,3.109975389547941305e+01,3.089819054262222409e+01,3.206593568546674788e+01,3.015641753938112046e+01,2.972191595601812253e+01,2.932158740846124800e+01,2.876791319074906639e+01,2.996169575594398182e+01,2.958283024698495467e+01,3.081452079122981758e+01,3.085715650596528903e+01,3.059163508106091101e+01,2.865317263990886332e+01,2.847158331733191261e+01,3.115147398908926846e+01,2.960034109021318827e+01,3.286113089597139236e+01,3.033435289084894748e+01,3.011711435292282601e+01,3.016762310274437908e+01
2.812888065717160302e+01,2.989619479327172513e+01,3.229928998946740393e+01,3.109786301834870059e+01,3.003776195385950842e+01,2.969461819469749031e+01,2.877448666186131732e+01,3.067185655662387234e+01,2.787208874723747698e+01,3.047418183368199607e+01,2.953737001102355464e+01,3.034564398577877853e+01,3.004197942981969760e+01,2.886231549637275151e+01,2.924138759564929302e+01,2.938121723518877459e+01,2.980915683917875825e+01,2.918347386129568477e+01,3.103124845070458093e+01,2.955528103730135925e+01,2.896807837348703885e+01,2.922626900477573031e+01,3.138430272976192015e+01,2.962092901924046373e+01,3.038046638093453566e+01,2.973335333905855649e+01,2.970923064785874956e+01,3.101889612605456037e+01,2.856645088201308269e+01,3.049000531098713296e+01,2.928039450498048524e+01,3.067686944384772829e+01,3.130520355102407493e+01,2.936893828005716856e+01,3.000517581750002449e+01,3.303348281971067735e+01,3.013718112883889333e+01,3.055273692244729133e+01,2.946307569725762576e+01,3.059949976695667573e+01,2.988678268393157111e+01,3.070972298246290677e+01,2.927962631231429924e+01,3.038368059746718330e+01,3.052002997228544601e+01,2.969298522879489610e+01,3.122744066183563305e+01,3.070398732676492060e+01,3.040448746396002377e+01,3.107309550882263594e+01
2.924682394046545753e+01,3.001884943389143245e+01,2.926489761203891860e+01,2.943034439720827677e+01,2.955670703158305201e+01,2.896549826248282500e+01,2.966378216554914005e+01,2.741678337508205843e+01,2.906670769314639102e+01,2.887735722085303891e+01,2.910868444312193049e+01,2.934556634029228306e+01,3.140107834794175901e+01,3.102898178165737519e+01,3.013883261360111376e+01,3.189164116751768319e+01,2.974581961627691129e+01,3.151450128607257639e+01,3.121824584486569520e+01,3.086006038050117795e+01,2.937121880817510799e+01,2.963803768947321515e+01,2.929336228020718380e+01,2.852994727830534316e+01,2.841897837246389713e+01,2.977375095653473380e+01,3.075476792204918652e+01,2.902602979015845008e+01,2.936538902197254686e+01,3.076758892507707444e+01,3.020992473591677552e+01,3.132802729535361408e+01,2.994396271675988785e+01,2.934713098353809002e+01,2.944673638394112203e+01,2.943702533037634339e+01,2.933757248318028843e+01,3.008017312612575012e+01,3.165253516148757740e+01,3.001616839303811801e+01,2.786979556528246960e+01,2.904051067920864071e+01,3.051987514795145984e+01,3.166618275818722239e+01,2.910940532709411599e+01,3.055045695242710835e+01,2.968626367168356239e+01,2.983863183081270876e+01,3.212235246562776325e+01,3.042670058445236947e+01
2.932754077442892537e+01,3.048837250074548422e+01,3.106718602654538586e+01,3.041349141957740088e+01,3.078501662108638115e+01,3.044706553803767690e+01,2.882708752069628844e+01,3.048636806884282535e+01,2.976516034824235035e+01,2.944940896796574137e+01,2.927847713180838340e+01,3.076847664726339104e+01,3.083515821136735369e+01,2.964525793296293799e+01,2.965988363311452858e+01,3.031308535590747866e+01,2.730497128989383526e+01,2.972875065814423934e+01,2.922659500555064227e+01,3.059965002447118110e+01,2.870627249270590653e+01,2.830733570273295641e+01,3.129279907275877548e+01,3.056629104261107699e+01,2.905670025618290708e+01,3.028662975158060888e+01,2.784991674763010039e+01,2.969077272991262362e+01,2.803554739136767182e+01,2.986093450312829845e+01,2.945639168435456412e+01,2.989307907475502901e+01,2.956410348361831808e+01,2.918664663586409347e+01,2.875339928472320139e+01,2.958824402159977041e+01,2.998054584456306415e+01,3.083590725410855526e+01,2.847500361818978476e+01,2.970389815062497973e+01,3.086251148803908961e+01,3.024275654948772285e+01,3.060315687730061995e+01,3.045266304016202596e+01,3.011343854024292810e+01,3.062401836625972251e+01,2.890709214470739141e+01,2.934133626098813608e+01,2.975191749620782744e+01,3.049950448814565007e+01
3.001851309266741907e+01,2.965992154791203816e+01,2.947049203589815392e+01,3.238435873174326929e+01,2.997042604733373139e+01,3.026491497327413427e+01,3.064593727893545250e+01,2.984860857355610264e+01,2.930983898856644387e+01,3.026383296786953991e+01,3.119698967472118412e+01,3.038238453672060047e+01,2.784206233660676943e+01,3.027924034632474104e+01,2.924182509889408621e+01,2.963574121897481106e+01,2.868104301708807924e+01,3.075778286546965745e+01,2.964380276748470067e+01,2.998195468636824401e+01,3.066767790078896994e+01,3.164454047790234625e+01,2.928868544505455418e+01,2.932576965759109200e+01,2.951353624323108704e+01,3.031642673215932149e+01,3.157032033388377101e+01,2.863835992715548784e+01,2.928534296472758669e+01,3.141986012346397317e+01,3.137631054709860834e+01,2.927394822578525790e+01,3.217068024024290196e+01,2.958825228094993776e+01,2.989616323502172790e+01,2.886046456351702716e+01,3.043801014046067621e+01,3.001516825956350232e+01,2.932888053071664558e+01,3.012173458408526727e+01,3.097247560852945369e+01,3.188058295125840402e+01,2.894174378739342401e+01,2.867649230811592176e+01,3.086428838721018408e+01,3.010006366395271016e+01,2.942925498592136435e+01,3.027237388063658940e+01,2.769300158659927291e+01,3.025732560759676915e+01
2.993088911103588856e+01,2.974894740372605284e+01,2.938479745516995578e+01,3.111425700901499170e+01,3.003777571048322415e+01,3.099398111954549861e+01,3.047071466970443154e+01,3.133660641053030105e+01,2.900670864834464169e+01,2.902994017182613007e+01,3.034886864694503572e+01,3.067277558114185609e+01,2.925759547268452465e+01,2.977730216141722153e+01,2.893240758546195579e+01,2.920855158498671500e+01,2.900410288407296377e+01,3.092983187264684020e+01,3.052367621665205633e+01,2.755401150705253599e+01,2.958704976219239668e+01,2.963730563998751677e+01,2.915288206632750345e+01,3.161498184688802837e+01,3.202819403525702313e+01,3.011125078004633338e+01,2.971316156977611200e+01,3.011567928364129543e+01,3.073978335635323234e+01,3.052134191464120505e+01,2.906509836930523605e+01,3.039190976001787803e+01,2.893213360065317730e+01,3.111477005680394825e+01,3.055970673449684583e+01,3.005203939516655254e+01,3.163266835068036897e+01,3.059544055044564459e+01,2.932817306181703998e+01,3.087119539351378350e+01,2.921158828496962556e+01,2.876073210086859788e+01,3.058558958372089620e+01,2.969337316299330354e+01,2.961035755226586375e+01,3.039529042859977537e+01,2.976371775742165937e+01,2.928671026111739195e+01,2.956426687581183188e+01,2.917080957066117364e+01
3.035766037234653680e+01,3.097467622988499159e+01,2.989830298161357192e+01,3.107873588918513974e+01,2.920660565874780090e+01,2.894821588462217576e+01,3.012770960770772177e+01,2.915674917034375113e+01,3.055961354856496115e+01,2.944498919301327078e+01,2.831098839005755252e+01,2.966528364562683961e+01,3.106153438328382776e+01,2.949934915960170656e+01,2.794300008070320374e+01,2.923955218884290375e+01,3.095568451222949236e+01,2.820251217515254893e+01,2.992499742215028391e+01,2.928117724945961342e+01,3.042977285008252153e+01,2.943461335075780383e+01,2.997104493785369073e+01,2.800114418916524173e+01,3.045341231392522374e+01,2.994330416273544060e+01,2.877563285544862381e+01,3.034840988568768694e+01,3.190053113236472271e+01,3.029495891745721181e+01,2.968011921882087378e+01,3.113160995211172022e+01,2.913074505986857687e+01,3.124603897392464802e+01,2.864310840310904993e+01,3.072575981142304968e+01,3.044274850593287951e+01,3.021271778140640052e+01,2.934928963247874734e+01,2.978531071682002107e+01,3.062855532380553214e+01,2.943517881181361773e+01,2.905098418140669025e+01,3.192012699233134754e+01,3.077568304654407783e+01,3.065313248179284145e+01,2.902622535306349860e+01,2.971228148681075965e+01,2.914175226568217170e+01,3.107014679885427455e+01
3.011238859544258872e+01,3.009823064955408256e+01,2.901385878022503562e+01,2.943282153175904270e+01,2.955398189723116076e+01,3.061366098737982355e+01,2.924913305766363791e+01,2.864704355903003474e+01,2.924729184084260680e+01,3.011059298226790304e+01,2.960450567548972955e+01,3.056873285123270279e+01,2.895310779695904557e+01,2.946633235436881293e+01,3.176631458247534567e+01,2.963252679142028612e+01,2.914680808027078740e+01,2.851431323212338853e+01,3.185899230958133543e+01,3.118874222822771713e+01,3.104452221140816093e+01,3.059694434885202696e+01,2.973203994700046238e+01,2.879807111848478840e+01,3.216366383433421561e+01,3.062950014821617728e+01,3.029316435389129580e+01,3.034805126985752111e+01,2.991712955186021361e+01,3.148440701082428816e+01,3.140282786758561429e+01,3.108848852279286490e+01,3.080318574940953624e+01,3.050470876938181419e+01,2.819422242166092474e+01,2.906950096656863636e+01,3.136861272037864978e+01,3.027100156887849636e+01,3.148894670368501991e+01,2.951146051418621497e+01,3.071841370463374687e+01,2.921972273314217361e+01,3.065324447765047111e+01,3.037678290548180726e+01,2.967461295439830593e+01,3.045997140833209826e+01,2.990421900747997697e+01,2.995551908775240335e+01,3.077670524784632278e+01,3.069377132148819598e+01
3.106349810386117127e+01,3.297685156644102733e+01,2.905529848210802513e+01,2.995415869043447188e+01,2.860784408856632766e+01,3.028818201343437266e+01,3.122965425539632989e+01,2.978714771688952112e+01,2.901615899461891956e+01,2.763453496424408939e+01,2.971222528772373295e+01,2.842118767987345151e+01,3.020587491999268082e+01,3.057650108122792432e+01,3.174070566043181074e+01,2.995738236959882883e+01,2.827892687448052556e+01,3.040485419118883570e+01,2.987836878393045481e+01,2.971737755320839725e+01,3.109502293805910966e+01,3.068815885073691518e+01,2.956259260370803688e+01,3.004399052262411729e+01,2.846280285366839991e+01,3.210921870050843552e+01,2.982312459645365266e+01,3.062089159143704009e+01,2.864293692805247815e+01,2.898399107061896984e+01,3.004794859123949990e+01,3.004121028761995404e+01,2.996571710697150337e+01,3.110906223033246931e+01,2.863912263932316549e+01,2.982320389851694387e+01,2.908909041410835883e+01,3.090824146350358248e+01,2.945838158678997232e+01,3.042673622410537959e+01,3.047729301773037491e+01,3.096131259016350867e+01,3.029092446518446380e+01,2.991869145902591143e+01,2.887475641527545278e+01,3.031847901359325448e+01,2.927184187573170249e+01,3.123359802144785391e+01,2.958443433122418043e+01,2.835014992813267298e+01
2.941856319485873783e+01,3.083901844973463824e+01,3.049751040431531734e+01,2.925483156903501580e+01,3.061995010771334336e+01,2.840592333991582308e+01,3.037002198261536989e+01,3.175175677860510248e+01,2.976235929901347532e+01,2.681711315667873663e+01,2.918292764566358954e+01,2.865114458209463066e+01,2.984490398831095348e+01,3.122593686471712715e+01,2.990603763074983235e+01,2.831798903787706223e+01,3.144637622452068015e+01,3.193367286938374505e+01,3.087336539356205733e+01,3.118277911231441379e+01,3.131985352242601905e+01,2.969182314841784986e+01,3.125970475806919779e+01,3.004333569307310015e+01,3.076947414917557211e+01,2.910570981223776243e+01,2.921569883583799765e+01,2.778564384187721359e+01,3.078654791047810590e+01,2.824209395297800285e+01,2.971178480516974219e+01,3.029288502507823111e+01,3.001588667976577796e+01,3.085365492002656040e+01,2.783061047907986563e+01,2.904964174576238278e+01,3.009371662260771529e+01,3.071387843878484247e+01,2.821562368063935722e+01,2.931858946070357064e+01,3.100743715985649018e+01,2.915426597802872877e+01,3.071140191335483749e+01,2.864202603591356677e+01,2.982871774571157175e+01,2.886408816146762035e+01,3.047591760027567176e+01,2.832746359157874494e+01,3.219827398551355202e+01,3.127318950481766535e+01
2.998728811622410717e+01,3.038957754182912296e+01,2.896543080240744317e+01,2.934528666209340386e+01,3.139438532569602458e+01,3.157154436896172811e+01,3.015263248647465488e+01,2.997527547613958276e+01,2.926812265012614134e+01,2.942973055011189487e+01,2.988135111721655335e+01,2.816398593573881115e+01,2.938753783181973489e+01,3.196095522897478247e+01,3.076107789285898164e+01,3.208694665729337459e+01,3.132606077918289600e+01,2.989920322620706372e+01,2.852043778687502851e+01,2.934762585953989600e+01,3.036496884324142087e+01,3.015379898566458294e+01,3.109143820402567115e+01,3.094532908792916004e+01,3.234410116869004526e+01,2.956012162540089605e+01,3.061563628963142847e+01,3.027814303919418393e+01,2.875955551006995492e+01,2.912456103289686382e+01,2.962793133144867852e+01,3.073255447692692854e+01,2.967966036421275433e+01,3.211250202383168784e+01,2.923586666668637690e+01,3.170667999811619708e+01,2.921859804990162601e+01,2.988506927518823630e+01,3.028358688271929111e+01,3.023657438538105779e+01,3.073144057292982367e+01,2.889664893358363429e+01,2.925555594313464880e+01,3.055356999331053913e+01,2.849992147113897900e+01,3.049121101932978561e+01,3.087199497148700544e+01,2.958642778785308280e+01,2.970877637308621644e+01,3.116160158204378305e+01
2.942914059337126531e+01,3.023894673903141239e+01,3.035652260531736246e+01,3.148884442566760811e+01,3.337929396698412887e+01,2.899197392920181926e+01,2.889654218089599524e+01,3.063448085842038537e+01,3.093364318858732531e+01,2.909111944307779751e+01,2.970625669153306347e+01,2.895322260460826058e+01,2.934220758853708233e+01,3.008140554385827770e+01,2.983942392971464841e+01,3.030217902594127111e+01,2.942139480075640634e+01,3.064251945449123582e+01,2.969648453093327589e+01,2.931825970122586256e+01,2.967881329310858263e+01,3.046580724357438186e+01,3.112765308141971943e+01,2.907466799709618499e+01,2.912040269476890231e+01,2.946813095996221676e+01,2.860209410294957166e+01,2.925206511912573148e+01,2.964350788227339351e+01,3.086507798358103116e+01,2.964741741036647227e+01,2.790997769480146928e+01,2.933118319795890372e+01,3.049425589355980293e+01,2.909089837175806892e+01,3.074513043334848206e+01,3.131571288164518663e+01,2.902752586183841998e+01,3.006695151931117849e+01,2.937774512104194713e+01,2.969040850739461845e+01,2.799177170245305035e+01,2.902784737733301412e+01,3.086918227000075632e+01,3.123200494774216907e+01,3.112842831443388292e+01,3.276020499599258073e+01,2.913512556039538026e+01,3.014220945238983518e+01,3.256361871610847913e+01
